[
  {
    "icon": "fa fa-home",
    "slug": "external",
    "title": "Volver al inicio",
    "path": "index.html"
  },
  { 
    "id": 1,
    "icon": "fa fa-file-text",
    "slug": "introduccion",
    "title": "Introducción",
    "breadcrumb": ["Inicio","introduccion"],
    "path": "pages/intro.html"
  },
  { 
    "id": 2,
    "icon": "fa fa-file-text",
    "slug": "partes",
    "title": "1. Partes de la maquinaria de confección",
    "breadcrumb": ["Inicio","partes"],
    "path": "pages/1-tema.html",    
    "submenu": [
      {
        "icon": "fa fa-file-text",
        "slug": "partes",
        "title": "1.1. Partes, mecanismos y funciones de las máquinas de confección",
        "anchor": "11"
      },   
      {
        "icon": "fa fa-file-text",
        "slug": "partes",
        "title": "1.2. Mecanismos de las máquinas de confección industrial",
        "anchor": "12"
      },   
      {
        "icon": "fa fa-file-text",
        "slug": "partes",
        "title": "1.3. Clasificación de puntadas y costuras",
        "anchor": "13"
      }
    ]   
  },
  { 
    "id": 3,
    "icon": "fa fa-file-text",
    "slug": "mantenimiento",
    "title": "2. Mantenimiento máquinas de confección",
    "breadcrumb": ["Inicio","mantenimiento"],
    "path": "pages/2-tema.html",    
    "submenu": [
      {
        "icon": "fa fa-file-text",
        "slug": "mantenimiento",
        "title": "2.1. Tipos de mantenimiento",
        "anchor": "21"
      },   
      {
        "icon": "fa fa-file-text",
        "slug": "mantenimiento",
        "title": "2.2. Plan de mantenimiento",
        "anchor": "22"
      },   
      {
        "icon": "fa fa-file-text",
        "slug": "mantenimiento",
        "title": "2.3. Herramientas de confección",
        "anchor": "23"
      }
    ]   
  }
]